Link Name,Center of Mass X,Center of Mass Y,Center of Mass Z,Center of Mass Roll,Center of Mass Pitch,Center of Mass Yaw,Mass,Moment Ixx,Moment Ixy,Moment Ixz,Moment Iyy,Moment Iyz,Moment Izz,Visual X,Visual Y,Visual Z,Visual Roll,Visual Pitch,Visual Yaw,Mesh Filename,Color Red,Color Green,Color Blue,Color Alpha,Collision X,Collision Y,Collision Z,Collision Roll,Collision Pitch,Collision Yaw,Collision Mesh Filename,Material Name,SW Components,Coordinate System,Axis Name,Joint Name,Joint Type,Joint Origin X,Joint Origin Y,Joint Origin Z,Joint Origin Roll,Joint Origin Pitch,Joint Origin Yaw,Parent,Joint Axis X,Joint Axis Y,Joint Axis Z,Limit Effort,Limit Velocity,Limit Lower,Limit Upper,Calibration rising,Calibration falling,Dynamics Damping,Dynamics Friction,Safety Soft Upper,Safety Soft Lower,Safety K Position,Safety K Velocity
body_link,0.021109,-0.0010381,-0.046997,0,0,0,1.2821,0.0042977,0,0,0.0032516,0,0.0042378,0,0,0,0,0,0,package://点足CNC/meshes/body_link.STL,1,1,1,1,0,0,0,0,0,0,package://点足CNC/meshes/body_link.STL,,6s1300＋3000电池安装盒-1;6_s_3000mah-1;机身装配-1/机身-下-1;end腿部装配-1/end大腿机身连接件-1;end腿部装配-1/endRS05-2;endRS05-2;镜向end腿部装配-3/镜向end大腿机身连接件-1;分电板安装 - 副本-1;电子板2-1;电子板3-1;电子板-1;机身装配-1/套筒-3-6-23-1;机身装配-1/套筒-3-6-23-2;机身装配-1/套筒-3-6-23-3,body_link,,,,0,0,0,0,0,0,,0,0,0,,,,,,,,,,,,
L_hip_Link,-0.029293,0.0020553,0.00094068,0,0,0,0.267,2.291E-05,0,0,2.205E-05,0,2.505E-05,0,0,0,0,0,0,package://点足CNC/meshes/L_hip_Link.STL,1,1,1,1,0,0,0,0,0,0,package://点足CNC/meshes/L_hip_Link.STL,,end腿部装配-1/end05-05-hip连接件-1;end腿部装配-1/endRS05-1,L_hip_link,A_L_hip_link,L_hip_,revolute,-0.0267815078748216,0.0649800164529826,-0.0409999999999955,0,0,0,body_link,1,0,0,5.5,10.47,0,1.5708,,,,,,,,
L_thigh_Link,-0.023897,-0.015217,0.064151,0,0,0,0.54955,0.00083899,-7.96E-06,0.00021014,0.00074366,5.478E-05,0.00034319,0,0,0,0,0,0,package://点足CNC/meshes/L_thigh_Link.STL,1,1,1,1,0,0,0,0,0,0,package://点足CNC/meshes/L_thigh_Link.STL,,end腿部装配-1/end05-00-thigh连接件-1;end腿部装配-1/end00背部连杆-1;end腿部装配-1/end内螺纹销M3-5-50-9;end腿部装配-1/end00头部增高垫块-1;end腿部装配-1/endRS00-2;end腿部装配-1/end00背部增高垫块-1;end腿部装配-1/end推力轴承5-12-4-2;end腿部装配-1/垫片5-7-1-1;end腿部装配-1/end小腿驱动杆-1;end腿部装配-1/end塞打螺栓5-10-M4-1;end腿部装配-1/end法兰轴承5-10-4-2;end腿部装配-1/end内螺纹销M3-5-50-6;end腿部装配-1/end套筒6-8-10.5-2;end腿部装配-1/end内螺纹销M4-6-65 -1;end腿部装配-1/end内螺纹销M3-5-50-7;end腿部装配-1/end内螺纹销M3-5-50-8;end腿部装配-1/end套筒6-8-11.5-1;end腿部装配-1/end法兰轴承6-10-3-4;end腿部装配-1/end法兰轴承6-10-3-3;end腿部装配-1/end内螺纹销M8-12-10-1;end腿部装配-1/end法兰轴承10-18-4-1;end腿部装配-1/00输出盘-1,L_thigh_link,A_L_calf_link,L_thigh_,revolute,-0.03,0.02185,0,0,-1.5708,0,L_hip_Link,0,1,0,5.5,10.47,-1.658,0,,,,,,,,
L_calf_Link,-0.050077,-0.014499,-0.056814,0,0,0,0.118,0.00026744,0,-0.00019662,0.00042766,0,0.0001644,0,0,0,0,0,0,package://点足CNC/meshes/L_calf_Link.STL,1,1,1,1,0,0,0,0,0,0,package://点足CNC/meshes/L_calf_Link.STL,,end腿部装配-1/曲率小腿V2.1cnc-6,L_calf_link,A_L_calf_link,L_calf_,revolute,-0.051406,-0.0077,0.14092,0,1.5708,0,L_thigh_Link,0,1,0,14,27.23,-1.99,0,,,,,,,,
L_foot_Link,-0.011178,0.00020595,-0.00021822,0,0,0,0.05775,1.188E-05,0,0,1.574E-05,0,1.452E-05,0,0,0,0,0,0,package://点足CNC/meshes/L_foot_Link.STL,1,1,1,1,0,0,0,0,0,0,package://点足CNC/meshes/L_foot_Link.STL,,end腿部装配-1/宇树足端（测绘版本）-1,L_foot_link,Axis_L_foot_,L_foot_,fixed,-0.12223353871294,-0.0145003124020172,-0.126812034740048,0,0,0,L_calf_Link,0,0,0,,,,,,,,,,,,
R_hip_Link,-0.029293,-0.0020553,0.00094068,0,0,0,0.267,2.291E-05,0,0,2.205E-05,0,2.505E-05,0,0,0,0,0,0,package://点足CNC/meshes/R_hip_Link.STL,1,1,1,1,0,0,0,0,0,0,package://点足CNC/meshes/R_hip_Link.STL,,镜向end腿部装配-3/镜向end05-05-hip连接件-1;endRS05-1,R_hip_link,A_R_hip_link,R_hip_,revolute,-0.0267815078748224,-0.0652199835469763,-0.0409999999999955,0,0,0,body_link,-1,0,0,5.5,10.47,-1.5708,0,,,,,,,,
R_thigh_Link,-0.023897,0.015217,0.064151,0,0,0,0.54974,0.00083899,7.96E-06,0.00021014,0.00074366,-5.478E-05,0.00034319,0,0,0,0,0,0,package://点足CNC/meshes/R_thigh_Link.STL,1,1,1,1,0,0,0,0,0,0,package://点足CNC/meshes/R_thigh_Link.STL,,镜向end腿部装配-3/镜向end05-00-thigh连接件-1;镜向end腿部装配-3/镜向end00背部连杆-1;镜向end腿部装配-3/镜向end内螺纹销M3-5-503-1;endRS00-1;镜向end腿部装配-3/镜向end00头部增高垫块-1;镜向end腿部装配-3/镜向end00背部增高垫块-1;镜向end腿部装配-3/镜向end内螺纹销M3-5-50-1;镜向end腿部装配-3/镜向end小腿驱动杆-1;镜向end腿部装配-3/镜向end推力轴承5-12-41-1;镜向end腿部装配-3/镜向垫片5-7-1-1;镜向end腿部装配-3/镜向end法兰轴承5-10-41-1;镜向end腿部装配-3/镜向end塞打螺栓5-10-M4-1;镜向end腿部装配-3/镜向end内螺纹销M3-5-501-1;镜向end腿部装配-3/镜向end内螺纹销M3-5-502-1;镜向end腿部装配-3/镜向end内螺纹销M4-6-65 -1;镜向end腿部装配-3/镜向end套筒6-8-10.5-1;镜向end腿部装配-3/镜向end法兰轴承6-10-3-1;镜向end腿部装配-3/镜向end套筒6-8-11.5-1;镜向end腿部装配-3/镜向end法兰轴承6-10-31-1;镜向end腿部装配-3/镜向end内螺纹销M8-12-10-1;镜向end腿部装配-3/镜向end法兰轴承10-18-4-1;镜向end腿部装配-3/镜向00输出盘-1,R_thigh_link,A_R_thigh_link,R_thigh_,revolute,-0.03,-0.02185,0,0,-1.5708,0,R_hip_Link,0,-1,0,5.5,10.47,0,1.658,,,,,,,,
R_calf_link,-0.050077,0.014499,-0.056814,0,0,0,0.098,0.00026744,0,-0.00019662,0.00042766,0,0.0001644,0,0,0,0,0,0,package://点足CNC/meshes/R_calf_link.STL,1,1,1,1,0,0,0,0,0,0,package://点足CNC/meshes/R_calf_link.STL,,镜向end腿部装配-3/镜向曲率小腿V2.11-1,R_calf_link,A_R_calf_link,R_calf_,revolute,-0.0514056281930285,0.00770000000000216,0.140916505030733,0,1.5707963267949,0,R_thigh_Link,0,-1,0,14,27.23,0,1.99,,,,,,,,
R_foot_Link,-0.011178,-0.00020595,-0.00021822,0,0,0,0.05775,1.188E-05,0,0,1.574E-05,0,1.452E-05,0,0,0,0,0,0,package://点足CNC/meshes/R_foot_Link.STL,1,1,1,1,0,0,0,0,0,0,package://点足CNC/meshes/R_foot_Link.STL,,镜向end腿部装配-3/镜向宇树足端（测绘版本）-1,R_foot_link,Axis_R_foot_,R_foot_,fixed,-0.122233538712942,0.0145003124020186,-0.12681203474004,0,0,0,R_calf_link,0,0,0,,,,,,,,,,,,
