Link Name,Center of Mass X,Center of Mass Y,Center of Mass Z,Center of Mass Roll,Center of Mass Pitch,Center of Mass Yaw,Mass,Moment Ixx,Moment Ixy,Moment Ixz,Moment Iyy,Moment Iyz,Moment Izz,Visual X,Visual Y,Visual Z,Visual Roll,Visual Pitch,Visual Yaw,Mesh Filename,Color Red,Color Green,Color Blue,Color Alpha,Collision X,Collision Y,Collision Z,Collision Roll,Collision Pitch,Collision Yaw,Collision Mesh Filename,Material Name,SW Components,Coordinate System,Axis Name,Joint Name,Joint Type,Joint Origin X,Joint Origin Y,Joint Origin Z,Joint Origin Roll,Joint Origin Pitch,Joint Origin Yaw,Parent,Joint Axis X,Joint Axis Y,Joint Axis Z,Limit Effort,Limit Velocity,Limit Lower,Limit Upper,Calibration rising,Calibration falling,Dynamics Damping,Dynamics Friction,Safety Soft Upper,Safety Soft Lower,Safety K Position,Safety K Velocity
trunk,-0.0017447,-2.3106E-05,0.017298,0,0,0,0.72062,0.00057014,8.7041E-07,7.9088E-05,0.0015377,-3.1673E-07,0.0012439,0,0,0,0,0,0,package://整机装配_v5_pure.SLDASM/meshes/trunk.STL,1,0.49412,0.34118,1,0,0,0,0,0,0,package://整机装配_v5_pure.SLDASM/meshes/trunk.STL,,end腿部装配-1/end大腿机身连接件-1;end腿部装配-1/endRS05-2;end镜向腿部装配-2/end镜向大腿机身连接件-1;endRS05-2;机身装配-1/套筒-3-6-23-2;机身装配-1/机身-上-1;机身装配-1/end变压器-1;机身装配-1/锂电池-1;机身装配-1/机身-下-1;机身装配-1/IMU-1;机身装配-1/连接板-3;机身装配-1/套筒-3-6-23-3;机身装配-1/连接板-1;机身装配-1/Raspberry Pi 4 Model B-2;机身装配-1/套筒-3-6-23-1;机身装配-1/连接板-2,trunk,??????????,right_thigh_joint,revolute,0.0219,0,0.03,-1.5708,0,-1.5708,right_hip,0,0,-1,5.5,30,0.436,1.221,,,,,,,,
left_hip,-0.00015037,0.004289,0.026371,0,0,0,0.042995,1.6534E-05,4.8487E-07,-3.083E-07,1.5591E-05,-1.8346E-06,1.3482E-05,0,0,0,0,0,0,package://整机装配_v5_pure.SLDASM/meshes/left_hip.STL,1,1,1,1,0,0,0,0,0,0,package://整机装配_v5_pure.SLDASM/meshes/left_hip.STL,,end腿部装配-1/endRS05-1;end腿部装配-1/end05-05-hip连接件-1;end腿部装配-1/end法兰轴承10-18-4-1,left_hip,轴 l1,left_hip_joint,revolute,-0.03925,0.065,-0.006,1.5708,0,-1.5708,trunk,0,0,-1,6,30,0,1.57,,,,,,,,
left_thigh,0.0831091385513229,-0.000390293963264954,-0.0166667890855157,0,0,0,0.164143722951874,3.35467876110081E-05,-3.44636523131805E-07,-1.0017164323054E-06,0.0001775554035942,-3.48640719541901E-07,0.000194653364255198,0,0,0,0,0,0,package://整机装配_v5_pure.SLDASM/meshes/left_thigh.STL,1,1,1,1,0,0,0,0,0,0,package://整机装配_v5_pure.SLDASM/meshes/left_thigh.STL,,end腿部装配-1/end内螺纹销M8-12-10-1;end腿部装配-1/endRS00-2;end腿部装配-1/end00头部增高垫块-1;end腿部装配-1/end00背部增高垫块-1;end腿部装配-1/end塞打螺栓5-10-M4-1;end腿部装配-1/end00背部连杆-1;end腿部装配-1/end内螺纹销M3-5-50-7;end腿部装配-1/end内螺纹销M3-5-50-6;end腿部装配-1/end深沟球轴承5-8-2.5-1;end腿部装配-1/end推力轴承5-12-4-1;end腿部装配-1/end小腿驱动杆-1;end腿部装配-1/end深沟球轴承5-8-2.5-2;end腿部装配-1/end内螺纹销3-5-35-1;end腿部装配-1/end轴套7-8-2-1;end腿部装配-1/end螺丝M3-12-2;end腿部装配-1/end套筒6-8-11.5-1;end腿部装配-1/end法兰轴承6-10-3-3;end腿部装配-1/end05-00-thigh连接件-1;end腿部装配-1/end套筒6-8-10.5-2;end腿部装配-1/end内螺纹销M3-5-50-8;end腿部装配-1/end法兰轴承6-10-3-4;end腿部装配-1/end内螺纹销M4-6-65 -1;end腿部装配-1/end金属垫片3-10-1-1,left_thigh,轴 l2,left_thigh_joint,revolute,-0.02185,0,0.03,1.5708,0,-1.5708,left_hip,0,0,1,6,30,0,0.53,,,,,,,,
left_calf,0.0698681762644903,0.000207866325852568,0.00030723130712472,0,0,0,0.100291516464004,1.0338853864214E-05,1.19890425672507E-06,7.2473788753831E-08,0.000217196556729977,2.6604791336964E-10,0.000215614619267472,0,0,0,0,0,0,package://整机装配_v5_pure.SLDASM/meshes/left_calf.STL,0.529411764705882,0.549019607843137,0.549019607843137,1,0,0,0,0,0,0,package://整机装配_v5_pure.SLDASM/meshes/left_calf.STL,,end腿部装配-1/end内螺纹销3-5-35-1;end腿部装配-1/end法兰轴承5-10-4-1;end腿部装配-1/end金属垫片3-6-1-1;end腿部装配-1/end螺丝M3-12-1;end腿部装配-1/end小腿-1,left_calf,轴 l3,left_calf_joint,revolute,0.15,0,-0.0219,0,0,0,left_thigh,0,0,-1,14,25,-2.42,-0.17,,,,,,,,
left_foot,0,0,0.000588235294117612,0,0,0,0.0445058959258554,1.10436606751174E-05,-1.05324293833677E-35,-2.3809013004077E-20,1.10436606751174E-05,1.21686065314541E-21,1.38243166727341E-05,0,0,0,0,0,0,package://整机装配_v5_pure.SLDASM/meshes/left_foot.STL,0.792156862745098,0.819607843137255,0.933333333333333,1,0,0,0,0,0,0,package://整机装配_v5_pure.SLDASM/meshes/left_foot.STL,,end腿部装配-1/end橡胶足端-1,left_foot,轴 l4,left_foot_joint,fixed,0.16209,0,0,1.5708,0,-1.5708,left_calf,0,0,0,,,,,,,,,,,,
right_hip,0.000150393044017538,0.0041765319037128,0.0266927620184148,0,0,0,0.0429932259196161,1.65333480175684E-05,-3.88615728147551E-07,2.89781753843878E-07,1.55928094500379E-05,-1.82945926295505E-06,1.34791715272165E-05,0,0,0,0,0,0,package://整机装配_v5_pure.SLDASM/meshes/right_hip.STL,0.792156862745098,0.819607843137255,0.933333333333333,1,0,0,0,0,0,0,package://整机装配_v5_pure.SLDASM/meshes/right_hip.STL,,end镜向腿部装配-2/end镜向05-05-hip连接件-1;end镜向腿部装配-2/end镜向法兰轴承10-18-4-1;endRS05-1,right_hip,轴 r1,right_hip_joint,revolute,-0.03895,-0.0652,-0.006,1.5708,0,-1.5708,trunk,0,0,-1,6,30,0,1.57,,,,,,,,
right_thigh,0.000482178550522572,-0.0799713992621954,-0.0174836223292581,0,0,0,0.166340004511071,0.0001776294217819,-3.42957177142393E-07,2.55300303686386E-07,3.36149856276052E-05,8.40045915033573E-07,0.000194727331627573,0,0,0,0,0,0,package://整机装配_v5_pure.SLDASM/meshes/right_thigh.STL,1,1,1,1,0,0,0,0,0,0,package://整机装配_v5_pure.SLDASM/meshes/right_thigh.STL,,end镜向腿部装配-2/end镜向00头部增高垫块-1;end镜向腿部装配-2/end镜向塞打螺栓4-8-M3-1;end镜向腿部装配-2/end镜向00背部增高垫块-1;end镜向腿部装配-2/end镜向内螺纹销M3-5-50-1;end镜向腿部装配-2/end镜向00背部连杆-1;end镜向腿部装配-2/end镜向内螺纹销M3-5-50-2;end镜向腿部装配-2/end镜向05-00-thigh连接件-1;end镜向腿部装配-2/end镜向内螺纹销M8-12-10-1;end镜向腿部装配-2/end镜向内螺纹销M3-5-50-3;end镜向腿部装配-2/end镜向推力轴承5-12-4-1;end镜向腿部装配-2/end镜向小腿驱动杆-1;end镜向腿部装配-2/end镜向螺丝M3-12-2;end镜向腿部装配-2/end镜向套筒6-8-11.5-1;end镜向腿部装配-2/end镜向法兰轴承6-10-3-2;end镜向腿部装配-2/end镜向套筒6-8-10.5-1;end镜向腿部装配-2/end镜向内螺纹销M4-6-65 -1;end镜向腿部装配-2/end镜向法兰轴承6-10-3-1;end镜向腿部装配-2/end镜向金属垫片3-10-1-1;end镜向腿部装配-2/end镜向轴套7-8-2-1;end镜向腿部装配-2/end镜向深沟球轴承5-8-2.5-1;end镜向腿部装配-2/end镜向深沟球轴承5-8-2.5-2;end镜向腿部装配-2/end镜向内螺纹销3-5-35-1;endRS00-1,right_thigh,轴 r2,right_thigh_joint,revolute,0.02185,0,0.0303,0,1.5708,0,right_hip,0,0,1,6,30,0,0.53,,,,,,,,
right_calf,0.0719000207025329,0.000215207821334662,-0.000413734965615725,0,0,0,0.0968609574636709,9.98138691818083E-06,1.19880472444435E-06,-7.24471587666918E-08,0.000216839123227001,-2.55328997205797E-10,0.000215600136241867,0,0,0,0,0,0,package://整机装配_v5_pure.SLDASM/meshes/right_calf.STL,0.529411764705882,0.549019607843137,0.549019607843137,1,0,0,0,0,0,0,package://整机装配_v5_pure.SLDASM/meshes/right_calf.STL,,end镜向腿部装配-2/end镜向法兰轴承5-10-4-1;end镜向腿部装配-2/end镜向螺丝M3-12-1;end镜向腿部装配-2/end镜向金属垫片3-6-1-1;end镜向腿部装配-2/end镜向小腿-3,right_calf,轴 r3,right_calf_joint,revolute,0,-0.15,-0.0219,3.1416,0,-1.5708,right_thigh,0,0,1,14,25,-2.42,-0.17,,,,,,,,
right_foot,1.38777878078145E-17,5.55111512312578E-17,0.000588235294117667,0,0,0,0.0445058959258554,1.10436606751174E-05,1.64642597507285E-36,1.00659442537543E-22,1.10436606751174E-05,2.22632991398427E-21,1.38243166727341E-05,0,0,0,0,0,0,package://整机装配_v5_pure.SLDASM/meshes/right_foot.STL,1,1,1,1,0,0,0,0,0,0,package://整机装配_v5_pure.SLDASM/meshes/right_foot.STL,,end镜向腿部装配-2/镜向end橡胶足端-1,right_foot,轴 r4,right_foot_joint,fixed,0.16209,0,0,3.1416,1.5708,0,right_calf,0,0,0,,,,,,,,,,,,
