time_s,motor7_deg,motor8_deg
0.000000000,21.347885100,-24.208866232
0.001996008,20.453417048,-23.361207707
0.003992016,19.417419432,-22.428436446
0.005988024,18.594981439,-21.498807029
0.007984032,17.812350589,-20.553579776
0.009980040,16.645872620,-19.681721020
0.011976048,15.700620133,-18.700304418
0.013972056,14.766153666,-17.746439356
0.015968064,13.836677395,-16.822447814
0.017964072,12.991138818,-15.883523423
0.019960080,12.139952366,-14.927871286
0.021956088,10.798788953,-13.998729287
0.023952096,9.906557612,-13.064167194
0.025948104,9.048843247,-12.146710700
0.027944112,8.304590544,-11.233825246
0.029940120,7.056721446,-10.358665865
0.031936128,6.179380271,-9.485309752
0.033932136,5.254951346,-8.622925050
0.035928144,4.290728934,-7.756766604
0.037924152,3.608285837,-6.962679156
0.039920160,2.943308811,-6.184351450
0.041916168,2.008319375,-5.396132866
0.043912176,1.127640049,-4.639644312
0.045908184,0.575030990,-3.908189301
0.047904192,0.137216270,-3.220766543
0.049900200,-0.357991851,-2.533130909
0.051896208,-0.827503958,-1.888333720
0.053892216,-1.345101013,-1.253139219
0.055888224,-1.831668042,-0.655249005
0.057884232,-2.213965330,-0.087350997
0.059880240,-2.645888447,0.431790878
0.061876248,-3.093655481,0.962493338
0.063872255,-3.385728453,1.421443383
0.065868263,-3.742365383,1.901343285
0.067864271,-4.157045891,2.353069093
0.069860279,-4.384975221,2.762065839
0.071856287,-4.620234718,3.066170017
0.073852295,-4.780539857,3.452008439
0.075848303,-4.957364045,3.779124597
0.077844311,-5.107493669,4.064645910
0.079840319,-5.186872200,4.295881046
0.081836327,-5.227618892,4.516863935
0.083832335,-5.238869681,4.686734204
0.085828343,-5.201097800,4.818018769
0.087824351,-5.134851344,4.917274153
0.089820359,-5.040130457,4.982045071
0.091816367,-4.898812852,5.010212697
0.093812375,-4.732976056,4.979224911
0.095808383,-4.552720955,4.911937717
0.097804391,-4.368406214,4.825395510
0.099800399,-4.132850803,4.724952498
0.101796407,-3.869629085,4.587775541
0.103792415,-3.558236977,4.428169882
0.105788423,-3.199308517,4.232134515
0.107784431,-2.809944541,3.975185291
0.109780439,-2.492346854,3.700539545
0.111776447,-2.176391066,3.389465006
0.113772455,-1.712699192,3.014007424
0.115768463,-1.202129123,2.634479132
0.117764471,-0.752888222,2.213471785
0.119760479,-0.199195339,1.761424297
0.121756487,0.517809858,1.281681406
0.123752495,1.250619801,0.778089275
0.125748503,1.937589095,0.235964562
0.127744511,2.687014984,-0.345526178
0.129740519,3.349002605,-0.895182564
0.131736527,4.030065771,-1.426813704
0.133732535,4.776929323,-2.270805625
0.135728543,5.488053239,-2.924945946
0.137724551,6.318483958,-3.674310673
0.139720559,7.059478002,-4.372345104
0.141716567,7.811273588,-5.135595004
0.143712575,8.914868553,-5.923474864
0.145708583,9.729199109,-6.673513207
0.147704591,10.620140982,-7.485314960
0.149700599,11.698368993,-8.316352714
0.151696607,12.599316666,-9.137817845
0.153692615,13.389796731,-9.986912612
0.155688623,14.263892923,-10.877767862
0.157684631,15.095708495,-11.744902069
0.159680639,15.846970197,-12.660396006
0.161676647,16.822482629,-13.570583888
0.163672655,17.588284642,-14.507318013
0.165668663,18.767131271,-15.423996074
0.167664671,19.791684503,-16.328445821
0.169660679,20.647644651,-17.237143236
0.171656687,21.545272580,-18.151833548
0.173652695,22.317614974,-19.091381013
0.175648703,23.139483971,-20.028516914
0.177644711,23.913173762,-20.918784351
0.179640719,24.719474156,-21.842547881
0.181636727,26.105750557,-22.762105252
0.183632735,27.171676437,-23.652787444
0.185628743,28.174476492,-24.530777055
0.187624750,29.026821882,-25.495728715
0.189620758,29.927094882,-26.425820858
0.191616766,30.774940106,-27.327265909
0.193612774,31.435811740,-28.224714233
0.195608782,32.068783889,-29.145921369
0.197604790,32.686004313,-29.866374819
0.199600798,33.444486716,-30.828007810
0.201596806,34.868631407,-31.748988997
0.203592814,35.492501889,-32.561819107
0.205588822,36.666559918,-33.362919469
0.207584830,37.334038620,-34.182873327
0.209580838,37.950157822,-34.959303792
0.211576846,38.723911311,-35.716776273
0.213572854,39.384891474,-36.432705691
0.215568862,39.863222653,-37.139479451
0.217564870,40.405647425,-37.809616450
0.219560878,40.924642771,-38.473871791
0.221556886,41.520201917,-39.076173086
0.223552894,41.944406456,-39.630233542
0.225548902,42.486394109,-40.177602291
0.227544910,42.888845831,-40.721492248
0.229540918,43.234088539,-41.218521764
0.231536926,43.591014653,-41.686890741
0.233532934,44.057642040,-42.121097090
0.235528942,44.292503600,-42.581897171
0.237524950,44.470858305,-42.967616217
0.239520958,44.620339267,-43.322808467
0.241516966,44.753891570,-43.667511090
0.243512974,44.869147946,-43.969210061
0.245508982,45.006529645,-44.235700898
0.247504990,45.048259525,-44.448660120
0.249500998,45.087186733,-44.640739271
0.251497006,45.095822541,-44.805876152
0.253493014,45.026538390,-44.935548687
0.255489022,44.943425283,-45.017140022
0.257485030,44.812398246,-45.055671140
0.259481038,44.652774228,-45.039555980
0.261477046,44.404760241,-44.975199692
0.263473054,44.198667831,-44.904317095
0.265469062,43.954396801,-44.814556788
0.267465070,43.653052321,-44.705538371
0.269461078,43.327920270,-44.577625034
0.271457086,42.985170890,-44.414484250
0.273453094,42.616553014,-44.176915218
0.275449102,42.246661110,-43.894241416
0.277445110,41.799056211,-43.587626873
0.279441118,41.377876682,-43.252422037
0.281437126,40.938190266,-42.868052088
0.283433134,40.513485204,-42.453303674
0.285429142,40.060891205,-42.002318704
0.287425150,39.439497711,-41.539705875
0.289421158,38.835207436,-41.051771302
0.291417166,38.359436313,-40.514682367
0.293413174,37.755102989,-39.957447242
0.295409182,37.069165328,-39.370040887
0.297405190,36.273470787,-38.758139318
0.299401198,35.511084149,-38.120892688
0.301397206,34.857443552,-37.455096833
0.303393214,34.230356391,-36.760499530
0.305389222,33.507674655,-36.041843403
0.307385230,32.852678971,-35.311184598
0.309381238,32.108072528,-34.541921673
0.311377246,31.371582631,-33.792052234
0.313373253,30.305692224,-33.007287609
0.315369261,29.204693990,-32.146009842
0.317365269,28.454736538,-31.332879673
0.319361277,27.857952117,-30.477529450
0.321357285,26.997277978,-29.619789435
0.323353293,26.303535439,-28.714570864
0.325349301,25.391522279,-27.797902996
0.327345309,24.218948879,-26.898772153
0.329341317,23.380922818,-25.977186499
0.331337325,22.539373850,-25.122523372
0.333333333,21.347885100,-24.208866232
